<?xml version="1.0" encoding="UTF-8"?>
<!DOCTYPE fontscolors PUBLIC "-//NetBeans//DTD Editor Fonts and Colors settings 1.1//EN" "http://www.netbeans.org/dtds/EditorFontsColors-1_1.dtd">
<fontscolors>
    <fontcolor bgColor="ffeceba3" name="mark-occurrences"/>
    <fontcolor name="identifier"/>
    <fontcolor default="field" name="markup-attribute"/>
    <fontcolor default="identifier" name="method"/>
    <fontcolor foreColor="red" name="string"/>
    <fontcolor default="keyword" name="markup-element"/>
    <fontcolor default="string" name="markup-attribute-value"/>
    <fontcolor name="error" waveUnderlined="red"/>
    <fontcolor default="default" foreColor="black" name="entity-reference">
        <font style="bold"/>
    </fontcolor>
    <fontcolor name="separator"/>
    <fontcolor name="operator"/>
    <fontcolor name="url"/>
    <fontcolor foreColor="red" name="number"/>
    <fontcolor bgColor="white" foreColor="black" name="default">
        <font name="Roboto Mono" size="13"/>
    </fontcolor>
    <fontcolor default="identifier" foreColor="ff0000c0" name="field"/>
    <fontcolor foreColor="red" name="char"/>
    <fontcolor name="warning" waveUnderlined="yellow"/>
    <fontcolor foreColor="ffff6600" name="comment"/>
    <fontcolor foreColor="ff7f0055" name="keyword">
        <font style="bold"/>
    </fontcolor>
    <fontcolor foreColor="black" name="whitespace"/>
</fontscolors>
